transcript_id,case,log2FoldChange,padj,-log10(padj),gene_name,annotation,chrome
rna-NM_007021.3,Up,4.047009523605576,9.943859362007261e-09,8.002445026636737,DEPP1,Decidual protein induced by progesterone family,NC_000010.11
rna-NM_017817.2,Up,3.0721124278272756,6.822447389031394e-06,5.166059804685761,RAB20,"Ras of Complex, Roc, domain of DAPkinase",NC_000013.11
rna-NM_001329798.1,Up,4.187439200733391,4.008106971021609e-05,4.397060696246482,PLEKHG1,"Pleckstrin homology domain containing, family G (with RhoGef domain) member 1",NC_000006.12
rna-NM_001078.3,Up,3.6304166854718316,4.008106971021609e-05,4.397060696246482,VCAM1,Immunoglobulin C2-set domain,NC_000001.11
rna-NM_017645.4,Up,1.2602061766747237,5.907230341414256e-05,4.228616094309854,HAUS6,HAUS augmin-like complex subunit 6 N-terminus,NC_000009.12
rna-NM_013332.3,Up,3.4720166898778464,5.907230341414256e-05,4.228616094309854,HILPDA,Hypoxia-inducible lipid droplet-associated,NC_000007.14
novel.564.4,Up,6.454687562657944,0.00010183627640456066,3.9920974888370866,-,AAH06438.1 LOC100132167 protein [Homo sapiens],NC_000009.12
rna-XM_017011517.2,Up,1.7761426184705609,0.0001331721709827365,3.8755865202959896,AKAP12,WSK motif,NC_000006.12
rna-NM_001001668.3,Up,2.5266028179137328,0.0001748597011684414,3.757310268147145,ZNF470,krueppel associated box,NC_000019.10
rna-NM_001317134.1,Up,2.741862226481079,0.0001748597011684414,3.757310268147145,PFKFB4,6-phosphofructo-2-kinase,NC_000003.12
rna-XM_011516791.1,Up,2.990420144935348,0.0003719968472511564,3.429460740836457,NDRG1,Ndr family,NC_000008.11
rna-XM_011513642.1,Up,2.2362601086242457,0.0004462614503405874,3.350410627449083,LIMCH1,LIM and calponin homology,NC_000004.12
rna-XM_005258390.1,Up,3.229276563675989,0.0004462614503405874,3.350410627449083,LIPG,endothelial,NC_000018.10
rna-XM_006713868.1,Up,2.7679263892462056,0.0004462614503405874,3.350410627449083,FGFR3,Immunoglobulin C-2 Type,NC_000004.12
rna-NM_001013842.2,Up,2.3500314332985837,0.0004462614503405874,3.350410627449083,C8orf58,Domain of unknown function (DUF4657),NC_000008.11
rna-XM_005264280.2,Up,2.155829418659848,0.0004462614503405874,3.350410627449083,HK2,Hexokinase,NC_000002.12
rna-XM_005248269.4,Up,2.450646884991226,0.00045214529245062566,3.344721986493382,PDZD2,"Domain present in PSD-95, Dlg, and ZO-1/2.",NC_000005.10
rna-NM_020116.4,Up,1.781876259219417,0.0004761044404359665,3.322297768015419,FSTL5,Kazal type serine protease inhibitors,NC_000004.12
rna-NM_018660.2,Up,2.1565714154769227,0.0005146466658686651,3.2884908364498497,ZNF395,Domain of unknown function (DUF4772),NC_000008.11
rna-NM_198516.2,Up,1.9441678179924446,0.0005146466658686651,3.2884908364498497,GALNT18,Glycosyl transferase family 2,NC_000011.10
rna-NM_006931.2,Up,2.7970259313627404,0.0007549111030187655,3.1221041871012645,SLC2A3,glucose binding,NC_000012.12
rna-NM_005450.4,Up,2.9540652431618604,0.0008165966474421336,3.0879924074161695,NOG,Inhibitor of bone morphogenetic proteins (BMP) signaling which is required for growth and patterning of the neural tube and somite,NC_000017.11
rna-XM_017004745.2,Up,1.858240810366081,0.0008165966474421336,3.0879924074161695,SLC8A1,C-terminal extension of sodium/calcium exchanger domain,NC_000002.12
rna-NM_032229.2,Up,2.1904160407620332,0.0008773037478151182,3.0568500153445624,SLITRK6,"SLIT and NTRK-like family, member 6",NC_000013.11
rna-XM_011540204.2,Up,2.3227352590349506,0.0008882318756322986,3.0514736455253075,TET1,Oxygenase domain of the 2OGFeDO superfamily,NC_000010.11
rna-XM_017015883.1,Up,4.744751237976122,0.0009329928212633694,3.0301216978373158,SLC16A9,symporter activity,NC_000010.11
rna-NM_014937.3,Up,1.6515289748095099,0.001038689574956222,2.9835142272524817,INPP5F,Inositol polyphosphate-5-phosphatase F,NC_000010.11
rna-NM_021255.2,Up,2.525217384670143,0.0011454607469852855,2.9410197887616003,PELI2,Pellino E3 ubiquitin protein ligase family member 2,NC_000014.9
rna-NM_001033082.2,Up,3.078352033464269,0.001229303797826119,2.9103407766617386,MYCL,Myc amino-terminal region,NC_000001.11
rna-NM_001013398.1,Up,2.473240694580911,0.0012406368221031863,2.9063553331187326,IGFBP3,Thyroglobulin type-1 repeat,NC_000007.14
rna-XM_024451637.1,Up,1.9244604894353328,0.0013984329340505832,2.8543583566576056,ZNF667,zinc-finger C2H2-type,NC_000019.10
novel.474.2,Up,3.908488056408863,0.0013984329340505832,2.8543583566576056,-,"AAH72422.1 FKBP9 protein, partial [Homo sapiens]",NC_000007.14
rna-NM_014862.3,Up,1.6255122154756003,0.0015044035246993873,2.8226356577305602,ARNT2,receptor nuclear translocator 2,NC_000015.10
rna-NM_152470.2,Up,3.914072948571718,0.0016724973781477466,2.776634554371415,RNF165,Ring finger protein 165,NC_000018.10
rna-NM_001956.4,Up,4.794506114143271,0.0018681701231829404,2.72858357768011,EDN2,Endothelin 2,NC_000001.11
novel.44.1,Up,2.77510084253511,0.0018681701231829404,2.72858357768011,-,XP_034794493.1 spermine synthase-like [Pan paniscus],NC_000001.11
rna-XM_006721866.3,Up,3.193839905554227,0.0018681701231829404,2.72858357768011,ITGB4,"Integrin, beta 4",NC_000017.11
rna-XM_005267399.4,Up,2.2811694823966184,0.00206218051715154,2.6856733205406904,EML1,Echinoderm microtubule associated protein like 1,NC_000014.9
rna-XM_024453532.1,Up,1.431802485862838,0.0023089904320180822,2.6365778667061925,MYLK,Unstructured linker between I-set domains 2 and 3 on MYLCK,NC_000003.12
rna-NM_012293.2,Up,1.1744468220847633,0.002399637264111591,2.619854402497052,PXDN,Beta-microseminoprotein (PSP-94),NC_000002.12
rna-NM_001142393.1,Up,2.3975147905258782,0.002472131980363037,2.6069283471700646,NEDD9,Serine rich protein interaction domain,NC_000006.12
rna-NM_173587.3,Up,2.691787983554801,0.0026376137742454087,2.5787887978700774,RCOR2,REST corepressor 2,NC_000011.10
rna-XM_005269988.3,Up,1.55502761743509,0.0030724810832432926,2.5125107823124093,ZMIZ1,"Zinc finger, MIZ-type containing 1",NC_000010.11
rna-NM_014521.2,Up,1.7672062095399312,0.003350430447730867,2.4748993932422327,SH3BP4,ZU5 domain,NC_000002.12
rna-NM_003380.4,Up,2.2171633402553477,0.003443786873527561,2.4629637336745382,VIM,"Vimentins are class-III intermediate filaments found in various non-epithelial cells, especially mesenchymal cells. Vimentin is attached to the nucleus, endoplasmic reticulum, and mitochondria, either laterally or terminally",NC_000010.11
rna-NM_001201329.1,Up,1.9063425752025587,0.00372111337081405,2.4293270981674193,PPP1R3B,Starch/carbohydrate-binding module (family 53),NC_000008.11
rna-NM_145176.2,Up,2.5845210813714967,0.0038545303293913966,2.4140285327311095,SLC2A12,Sugar (and other) transporter,NC_000006.12
rna-XM_005268206.1,Up,1.2880386324887516,0.004096189411566773,2.38761996939152,ELMSAN1,ELM2 and,NC_000014.9
rna-XM_011533432.2,Up,2.1898002269536354,0.004101036797147583,2.387106333924793,PRICKLE2,Prickle planar cell polarity protein 2,NC_000003.12
rna-NM_001278549.1,Up,2.0084290496793407,0.0041358975795706176,2.3834302245509766,PDK1,"Pyruvate dehydrogenase kinase, isozyme 1",NC_000002.12
novel.861.5,Up,10.08165953440515,0.004373044276895661,2.359216125418895,-,AAK15476.1 colon cancer-associated antigen AgSK1-2HT-ECS [Homo sapiens],NC_000015.10
rna-NM_001308158.1,Up,2.5484127996105044,0.004373044276895661,2.359216125418895,TGFA,"growth factor, alpha",NC_000002.12
rna-NM_014553.2,Up,3.3933346819086667,0.004492426956866543,2.347518975429381,TFCP2L1,"With KLF2, acts as the major effector of self-renewal that mediates induction of pluripotency downstream of LIF STAT3 and Wnt beta-catenin signaling (By similarity). Required for normal duct development in the salivary gland and kidney (By similarity). Coordinates the development of the kidney collecting ducts intercalated (IC) and principal (PC) cells, which regulate acid-base and salt-water homeostasis, respectively (By similarity). Regulates the expression of IC genes including subunits B1 and D2 of the V-ATPase complex, OXGR1, CA12, SLC4A1, AQP6 and IC-specific transcription factor FOXI1 (By similarity). Regulates also the expression of JAG1 and subsequent notch signaling in the collecting duct (By similarity). JAG1 initiates notch signaling in PCs but inhibits notch signaling in ICs (By similarity). Acts as a transcriptional suppressor that may suppress UBP1-mediated transcriptional activation (By similarity). Modulates the placental expression of CYP11A1",NC_000002.12
rna-NM_017413.4,Up,3.222823930187501,0.004582051154635693,2.3389400665975177,APLN,APJ endogenous ligand,NC_000023.11
rna-NM_001198595.1,Up,1.7634235455466567,0.004632762443389129,2.3341599687738217,STON1,Adaptor complexes medium subunit family,NC_000002.12
rna-XM_006714157.1,Up,3.092701398404212,0.0047667365208078905,2.3217788528394014,TRIM2,Tripartite motif containing 2,NC_000004.12
rna-XM_011516052.2,Up,2.284178631132962,0.004799193440957024,2.318831744619134,DENND2A,"Domain always found upstream of DENN domain, found in a variety of signalling proteins",NC_000007.14
rna-XM_024452891.1,Up,1.8214770313172948,0.004799193440957024,2.318831744619134,MAP2,Microtubule-associated protein,NC_000002.12
rna-NM_001146.4,Up,1.9123984238551497,0.004805188867163813,2.318289537786265,ANGPT1,Angiopoietin 1,NC_000008.11
rna-NM_003864.3,Up,1.4019850813230559,0.004805188867163813,2.318289537786265,SAP30,SAP30 zinc-finger,NC_000004.12
novel.1039.1,Up,3.7148559166784447,0.005108146026152339,2.291736696090357,-,XP_016789618.1 zinc finger protein 420-like isoform X1 [Pan troglodytes],NC_000019.10
rna-NM_024329.5,Up,1.6724718833558148,0.005108146026152339,2.291736696090357,EFHD2,EF-hand domain-containing protein D2,NC_000001.11
rna-XM_017012450.1,Up,1.6355047612381446,0.005108146026152339,2.291736696090357,FAM20C,"Golgi casein kinase, C-terminal, Fam20",NC_000007.14
rna-NM_001201329.1-2,Up,1.8346599311630383,0.005561897092694045,2.254777050798823,PPP1R3B,Starch/carbohydrate-binding module (family 53),NW_018654717.1
rna-XM_005263946.1,Up,1.1205760609571007,0.005671053116575547,2.246336284978571,LIMS1,"Adapter protein in a cytoplasmic complex linking beta- integrins to the actin cytoskeleton, bridges the complex to cell surface receptor tyrosine kinases and growth factor receptors",NC_000002.12
rna-NM_144697.3,Up,1.8561737047987306,0.005720852613225522,2.2425392408529987,CIART,Circadian-associated transcriptional repressor,NC_000001.11
rna-NM_198215.3,Up,2.0653396419382433,0.0057412487704598955,2.240993634582083,FAM13C,"Family with sequence similarity 13, member C",NC_000010.11
rna-NM_001286237.1,Up,2.8707947013644493,0.0057412487704598955,2.240993634582083,SLC2A14,"Solute carrier family 2 (facilitated glucose transporter), member 14",NC_000012.12
novel.1075.2,Up,5.032338897742805,0.005828585462679944,2.2344368312258513,-,AAB61714.1 putative transposase [Homo sapiens],NC_000020.11
rna-NM_001113567.2,Up,1.9202182046887573,0.0058375021017167145,2.233772950063723,LRRC75A,Leucine rich repeat containing 75A,NC_000017.11
rna-NM_021021.3,Up,2.693851832443716,0.006359206610046446,2.1965970645988038,SNTB1,"Domain present in PSD-95, Dlg, and ZO-1/2.",NC_000008.11
rna-NM_004366.5,Up,1.5061152476300943,0.007233001775258998,2.140681428310171,CLCN2,"Chloride channel, voltage-sensitive 2",NC_000003.12
rna-NM_001031701.2,Up,2.675388013933277,0.007642787288792273,2.116748227369007,NT5DC3,5'-nucleotidase domain containing 3,NC_000012.12
novel.1178.1,Up,3.3193250795382676,0.007738352188564762,2.1113515085163512,-,"WP_214291379.1 hypothetical protein, partial [Escherichia coli]",NC_000023.11
rna-XM_005272616.1,Up,1.1924247906071583,0.007738352188564762,2.1113515085163512,BCOR,"BCL-6 co-repressor, non-ankyrin-repeat region",NC_000023.11
rna-NM_005689.3,Up,2.3258454288518795,0.007833433251558478,2.1060478528321305,ABCB6,Mitochondrial ABC-transporter N-terminal five TM region,NC_000002.12
rna-XM_024448271.1,Up,1.8659089471740675,0.007833433251558478,2.1060478528321305,RHOBTB1,"Ras of Complex, Roc, domain of DAPkinase",NC_000010.11
rna-XM_005263150.5,Up,1.4603263387736851,0.007833433251558478,2.1060478528321305,RNF150,PA domain,NC_000004.12
rna-NM_001357678.1,Up,1.626673737101469,0.007833433251558478,2.1060478528321305,LGALS3,Galectin,NC_000014.9
rna-NM_001136493.2,Up,2.233999686638334,0.007833433251558478,2.1060478528321305,MFSD2A,MFS/sugar transport protein,NC_000001.11
rna-XM_024454213.1,Up,1.9566882524094134,0.007833433251558478,2.1060478528321305,NDNF,Uncharacterised conserved protein (DUF2369),NC_000004.12
rna-XM_011518063.2,Up,2.5121343798600884,0.007833433251558478,2.1060478528321305,ADAMTSL1,PLAC (protease and lacunin) domain,NC_000009.12
rna-XM_011539638.2,Up,2.2894676725911682,0.007833433251558478,2.1060478528321305,PALD1,"Phosphatase domain containing, paladin 1",NC_000010.11
rna-NM_001164685.1-2,Up,3.634017644709179,0.007990277744613175,2.0974381242083604,THEMIS,Thymocyte selection associated,NT_187556.1
rna-XM_017009473.1,Up,2.103309352525391,0.008922925972796734,2.0494927100330833,MCC,PDZ domain of MCC-2 bdg protein for Usher syndrome,NC_000005.10
rna-NM_001291281.2-2,Up,2.016920893320731,0.008934953718375285,2.0489076927281507,FOXO6,Forkhead box protein O6,NW_009646194.1
rna-NM_006045.2,Up,1.8042309721544871,0.008934953718375285,2.0489076927281507,ATP9A,Belongs to the cation transport ATPase (P-type) (TC 3.A.3) family. Type IV subfamily,NC_000020.11
rna-NM_014000.2,Up,1.285470999012517,0.008934953718375285,2.0489076927281507,VCL,Vinculin family,NC_000010.11
rna-NM_001278579.1,Up,1.8022206912438918,0.00912785495264191,2.0396312697475687,ACVR2A,"Activin A receptor, type IIA",NC_000002.12
novel.652.1,Up,3.6152698416342015,0.009517683483420521,2.021468742034588,-,"EAW76211.1 chromosome 20 open reading frame 44, isoform CRA_b [Homo sapiens]",NC_000010.11
rna-XM_011523703.2,Up,4.05264198526383,0.009606779041312795,2.0174221980817393,DNAH9,"Dynein, axonemal, heavy chain 9",NC_000017.11
rna-NM_018245.2,Up,1.9564916219986361,0.00973753978217356,2.011550755029966,OGDHL,Oxoglutarate dehydrogenase-like,NC_000010.11
rna-NM_001164685.1,Up,3.9459161250220025,0.009774080355502686,2.0099240948343504,THEMIS,Thymocyte selection associated,NC_000006.12
rna-NM_001256347.1,Up,5.121745704516476,0.009774080355502686,2.0099240948343504,SEMA5B,semaphorin domain,NC_000003.12
rna-XM_006722845.2,Up,1.598212006144392,0.00993511078780985,2.002827285648659,SMARCA4,"SWI SNF related, matrix associated, actin dependent regulator of chromatin, subfamily a, member 4",NC_000019.10
rna-NM_153026.2,Up,2.19349285641281,0.010341753139970837,1.9854058331495243,PRICKLE1,PET Domain,NC_000012.12
rna-NM_002405.3,Up,3.118278788630223,0.01038425761212338,1.9836245464551183,MFNG,MFNG O-fucosylpeptide 3-beta-N-acetylglucosaminyltransferase,NC_000022.11
rna-NM_022073.3,Up,3.9570033643599443,0.010435529386744566,1.9814855145994583,EGLN3,2OG-Fe(II) oxygenase superfamily,NC_000014.9
rna-NM_006516.2,Up,1.8848706909592903,0.010435529386744566,1.9814855145994583,SLC2A1,"solute carrier family 2 (facilitated glucose transporter), member 1",NC_000001.11
rna-XM_017016310.2,Up,1.8568617612265774,0.010611279969916572,1.9742322268108095,PLCE1,"Phospholipase C, catalytic domain (part); domain Y",NC_000010.11
rna-NM_017617.4,Up,1.3338431538658921,0.010817549343932831,1.9658711151032275,NOTCH1,Domain of unknown function,NC_000009.12
rna-XM_011519428.3,Up,1.5141264397602017,0.010817549343932831,1.9658711151032275,DIP2C,protein 2 homolog,NC_000010.11
rna-NM_004844.4,Up,1.4396453778355953,0.010978871915495758,1.9594422815657317,SH3BP5,SH3 domain-binding protein 5 (SH3BP5),NC_000003.12
rna-XM_011528164.2,Up,1.9561204646521044,0.011429419199008079,1.9419758382901677,RAB3A,Ras-related protein Rab-3A,NC_000019.10
rna-NM_002608.3,Up,1.895836252671195,0.011429419199008079,1.9419758382901677,PDGFB,"Platelet-derived growth factor, N terminal region",NC_000022.11
rna-XM_005272037.3,Up,1.6845138643861108,0.01143865360920115,1.9416250913214919,ZNF608,zinc finger,NC_000005.10
rna-XM_017029753.2,Up,2.286753243317865,0.011528215015274885,1.9382379319965848,SMS,Spermidine synthase tetramerisation domain,NC_000023.11
rna-XM_011510969.2,Up,1.0412881061217194,0.011974292056408068,1.9217501534945263,GLI2,"Zinc finger, C2H2 type",NC_000002.12
rna-NM_001039792.1,Up,3.2802907292156984,0.011987937835690889,1.9212555177856536,HRCT1,Histidine-rich carboxyl terminus protein 1,NC_000009.12
rna-XM_005259659.3,Up,1.1016222519871055,0.011987937835690889,1.9212555177856536,DOT1L,Histone methylation protein DOT1,NC_000019.10
rna-NM_003670.2,Up,1.6056775929915181,0.011987937835690889,1.9212555177856536,BHLHE40,E-box binding,NC_000003.12
rna-XM_011545545.2,Up,1.2544776963719684,0.011987937835690889,1.9212555177856536,CTPS2,Catalyzes the ATP-dependent amination of UTP to CTP with either L-glutamine or ammonia as the source of nitrogen,NC_000023.11
rna-NM_001160167.1,Up,1.3910003023422386,0.011987937835690889,1.9212555177856536,PRR5L,HbrB-like,NC_000011.10
rna-NM_017707.3-2,Up,1.4604771762350546,0.012377999913224757,1.9073495246878007,ASAP3,"ArfGAP with SH3 domain, ankyrin repeat and PH domain 3",NW_014040926.1
novel.706.1,Up,2.631982404062297,0.013018812020736065,1.8854286437538417,-,BAC85219.1 unnamed protein product [Homo sapiens],NC_000011.10
rna-XM_006717457.3,Up,1.5255346324152166,0.013909051611707305,1.8567024813554667,FRMD4A,FERM domain containing 4A,NC_000010.11
rna-XM_005264843.4,Up,1.2984839542459607,0.014269802391617199,1.8455820409585448,OSBPL10,Belongs to the OSBP family,NC_000003.12
rna-XM_024448356.1,Up,2.333753860718763,0.014464408895907901,1.839699309578445,PLEKHA7,"Pleckstrin homology domain containing, family A member 7",NC_000011.10
rna-XM_024446511.1,Up,2.4595873066615295,0.014556930127499465,1.8369302025818954,BACH2,Belongs to the bZIP family,NC_000006.12
rna-XM_011543026.2,Up,1.7158822590988139,0.014679923329289534,1.833276212659283,KIRREL3,Immunoglobulin domain,NC_000011.10
rna-XM_017013601.1,Up,1.5057480214565122,0.01496415509097995,1.8249477993506205,WDYHV1,N-terminal glutamine amidase,NC_000008.11
rna-NM_001200.3,Up,2.715113244818988,0.01496415509097995,1.8249477993506205,BMP2,Transforming growth  factor-beta (TGF-beta) family,NC_000020.11
rna-NM_001346591.1,Up,1.2553491799046947,0.01496415509097995,1.8249477993506205,INSIG1,Insulin-induced protein (INSIG),NC_000007.14
rna-NM_153377.4,Up,1.2142554218659947,0.015377212819074525,1.8131223750020435,LRIG3,Leucine rich repeat C-terminal domain,NC_000012.12
rna-NM_024871.2,Up,1.9555507636219107,0.0157336227141388,1.8031712682467258,MAP6D1,MAP6 domain containing 1,NC_000003.12
rna-NM_001037341.1,Up,2.5244098561474146,0.0157336227141388,1.8031712682467258,PDE4B,Phosphodiesterase 4B,NC_000001.11
rna-NM_001195087.1,Up,2.031349125190919,0.01598550642359727,1.7962736006503512,GGACT,"Gamma-glutamyl cyclotransferase, AIG2-like",NC_000013.11
rna-NM_001128168.2,Up,1.8610462151152602,0.016253924627480803,1.7890417584840783,PAK3,MAP kinase kinase activity,NC_000023.11
rna-XM_017028925.1,Up,2.9376316541483805,0.016273532523610034,1.7885181637817584,TBX1,T-box transcription factor TBX1,NC_000022.11
rna-XM_017015108.1,Up,1.0677103299143273,0.0163155184358302,1.78739912167733,VAV2,Guanine nucleotide exchange factor,NC_000009.12
rna-NM_014839.4,Up,1.9730053221447204,0.016956932857025618,1.7706526994690839,PLPPR4,PAP2 superfamily,NC_000001.11
rna-NM_173511.3,Up,1.4423832903577871,0.016977488238661256,1.770126561723316,FAM117B,Protein Family FAM117,NC_000002.12
rna-NM_153498.3,Up,1.3510121401010933,0.016977488238661256,1.770126561723316,CAMK1D,Calcium calmodulin-dependent protein kinase,NC_000010.11
rna-XM_011542479.2,Up,2.381033895122914,0.016977488238661256,1.770126561723316,RIMS3,Regulating synaptic membrane exocytosis,NC_000001.11
rna-NM_014631.2,Up,2.5475713372797646,0.016977488238661256,1.770126561723316,SH3PXD2A,SH3 and PX domains 2A,NC_000010.11
rna-NM_019058.3,Up,1.8624868890451702,0.016977488238661256,1.770126561723316,DDIT4,transcript 4,NC_000010.11
rna-NM_007257.5,Up,2.2837656256295737,0.017379590978054055,1.7599604487195952,PNMA2,Paraneoplastic Ma antigen 2,NC_000008.11
rna-NM_001145652.1,Up,1.6913762384357385,0.017379590978054055,1.7599604487195952,C6orf141,Chromosome 6 open reading frame,NC_000006.12
rna-NM_001278683.1,Up,1.4512872463733362,0.017749148632806955,1.7508224737605245,AMOTL2,Angiomotin like 2,NC_000003.12
rna-XM_011513034.1,Up,3.105146433715877,0.018231771654582046,1.739171127152824,HRASLS,suppressor,NC_000003.12
rna-NM_025208.4,Up,1.3564792951073061,0.01828872443277749,1.7378165838141393,PDGFD,platelet-derived growth factor receptor binding,NC_000011.10
rna-NM_182487.3,Up,2.1008300155656157,0.018464109120694742,1.733671641887905,OLFML2A,Olfactomedin-like domains,NC_000009.12
rna-NM_080821.2,Up,1.2355865319693444,0.018494979605170225,1.7329461432546112,FAM210B,Protein of unknown function (DUF1279),NC_000020.11
rna-NM_001005291.2,Up,2.0667694179956393,0.01874584950033645,1.7270948739968213,SREBF1,helix loop helix domain,NC_000017.11
rna-XM_011536705.2,Up,1.460598889376099,0.018825999983940852,1.7252419460184578,CCDC85C,cerebral cortex development,NC_000014.9
rna-XM_006719528.1,Up,3.051922706073898,0.019193089112497667,1.7168551202857665,PTPRB,"Protein tyrosine phosphatase, catalytic domain",NC_000012.12
rna-NM_006009.3,Up,2.6881331382485825,0.01925268154999188,1.7155087725836344,TUBA1A,"Tubulin is the major constituent of microtubules. It binds two moles of GTP, one at an exchangeable site on the beta chain and one at a non-exchangeable site on the alpha chain",NC_000012.12
rna-XM_011534054.1,Up,1.501758228016059,0.019907567903885624,1.7009817942387775,TKT,"Catalyzes the transfer of a two-carbon ketol group from a ketose donor to an aldose acceptor, via a covalent intermediate with the cofactor thiamine pyrophosphate",NC_000003.12
rna-NM_001291281.2,Up,2.238732800898683,0.01992502146630617,1.7006012020426007,FOXO6,Forkhead box,NC_000001.11
rna-XM_024447385.1,Up,1.2585294120566757,0.02013521406376858,1.6960437489113156,NEK6,Kinase-like,NC_000009.12
rna-NM_001134486.2,Up,2.0259782161914854,0.02013521406376858,1.6960437489113156,GBP5,Guanylate binding protein 5,NC_000001.11
novel.477.4,Up,1.6285908559789462,0.0204251346923773,1.6898350708560932,-,ADK26452.1 translocase of outer mitochondrial membrane 20 [Bos taurus],NC_000007.14
rna-NM_021623.1,Up,1.8805775904664248,0.02048311793670885,1.6886039344324515,PLEKHA2,Pleckstrin homology domain.,NC_000008.11
rna-XM_017000085.2,Up,3.4969996093919673,0.020869211338446682,1.6804939629054363,TXNIP,cellular response to tumor cell,NC_000001.11
rna-XM_011512562.3,Up,3.406920244329708,0.020932432107456874,1.6791803087141826,PLCH1,Phospholipase C eta 1,NC_000003.12
rna-XM_005272035.5,Up,1.4839302854104304,0.021026225010842284,1.677238692321923,FEM1C,Ankyrin repeat,NC_000005.10
rna-NM_015493.6,Up,1.5325073721923115,0.02137649348472152,1.6700635332306695,KANK2,KN motif,NC_000019.10
rna-NM_015058.1,Up,1.3925500986099368,0.02145588508190919,1.6684535655749877,VWA8,AAA domain (dynein-related subfamily),NC_000013.11
rna-NM_004845.4,Up,3.404584692093965,0.02192512761289567,1.6590578701892824,PCYT1B,"Phosphate cytidylyltransferase 1, choline, beta",NC_000023.11
rna-NM_024330.2,Up,3.3673359903117177,0.02192512761289567,1.6590578701892824,SLC27A3,AMP-binding enzyme,NC_000001.11
rna-XM_011542703.2,Up,1.0728550266796248,0.02192512761289567,1.6590578701892824,PHLDB1,Pleckstrin homology-like domain family B member 1,NC_000011.10
rna-XM_011520812.3,Up,1.9872116088735097,0.02192512761289567,1.6590578701892824,BICD1,bicaudal D homolog 1,NC_000012.12
rna-XM_017010240.2,Up,3.6676090430808532,0.02248567143411452,1.6480941396380813,CNR1,"G-protein coupled receptor for cannabinoids (eCBs), including N-arachidonoylethanolamide (also called anandamide or AEA) and 2-arachidonoylglycerol (2-AG). Mediates many cannabinoid- induced effects, acting, among others, on food intake, memory loss, gastrointestinal motility, catalepsy, ambulatory activity, anxiety, chronic pain. Signaling typically involves reduction in cyclic AMP. In the hypothalamus, may have a dual effect on mitochondrial respiration depending upon the agonist dose and possibly upon the cell type. Increases respiration at low doses, while decreases respiration at high doses. At high doses, CNR1 signal transduction involves G-protein alpha-i protein activation and subsequent inhibition of mitochondrial soluble adenylate cyclase, decrease in cyclic AMP concentration, inhibition of protein kinase A (PKA)-dependent phosphorylation of specific subunits of the mitochondrial electron transport system, including NDUFS2. In the hypothalamus, inhibits leptin-induced reactive oxygen species (ROS) formation and mediates cannabinoid-induced increase in SREBF1 and FASN gene expression. In response to cannabinoids, drives the release of orexigenic beta-endorphin, not that of melanocyte-stimulating hormone alpha alpha-MSH, from hypothalamic POMC neurons, hence promoting food intake. In the hippocampus, regulates cellular respiration and energy production in response to cannabinoids. Involved in cannabinoid-dependent depolarization-induced suppression of inhibition (DSI), a process in which depolarization of CA1 postsynaptic pyramidal neurons mobilizes eCBs, which retrogradely activate presynaptic CB1 receptors, transiently decreasing GABAergic inhibitory neurotransmission. Also reduces excitatory synaptic transmission. In superior cervical ganglions and cerebral vascular smooth muscle cells, inhibits voltage-gated Ca2 channels in a constitutive, as well as agonist-dependent manner. Induces leptin production in adipocytes and reduces LRP2-mediated leptin clearance in the kidney, hence participating in hyperleptinemia. In adipose tissue, CNR1 signaling leads to increased expression of SREBF1, ACACA and FASN genes. In the liver, activation by endocannabinoids leads to increased de novo lipogenesis and reduced fatty acid catabolism, associated with increased expression of SREBF1 SREBP-1, GCK, ACACA, ACACB and FASN genes. May also affect de novo cholesterol synthesis and HDL-cholesteryl ether uptake. Peripherally modulates energy metabolism. In high carbohydrate diet-induced obesity, may decrease the expression of mitochondrial dihydrolipoyl dehydrogenase DLD in striated muscles, as well as that of selected glucose pyruvate metabolic enzymes, hence affecting energy expenditure through mitochondrial metabolism. In response to cannabinoid anandamide, elicits a proinflammatory response in macrophages, which involves NLRP3 inflammasome activation and IL1B and IL18 secretion",NC_000006.12
rna-XM_005262686.1,Up,1.7153757042076663,0.022749141177313057,1.6430349941274915,SPRY1,Sprouty protein (Spry),NC_000004.12
rna-NM_003474.5,Up,2.994494139370363,0.022799248657933174,1.642079464801748,ADAM12,Homologues of snake disintegrins,NC_000010.11
rna-XM_011515415.1,Up,1.9194999702953106,0.02299760306426919,1.6383174261653455,PDGFA,Belongs to the PDGF VEGF growth factor family,NC_000007.14
rna-NM_016396.2,Up,1.076401227310958,0.023322631670616118,1.6322224463854873,CTDSPL2,"CTD (Carboxy-terminal domain, RNA polymerase II, polypeptide A) small phosphatase like 2",NC_000015.10
rna-NM_002016.1,Up,2.50559123386964,0.02336994357198008,1.631342336234528,FLG,Filaggrin,NC_000001.11
rna-XM_024450690.1,Up,5.44355556489317,0.02336994357198008,1.631342336234528,GFAP,Glial fibrillary acidic protein,NC_000017.11
novel.712.1,Up,4.55000185780508,0.023539565544171824,1.6282015569348096,-,"WP_153602013.1 DUF1725 domain-containing protein, partial [Bacillus thuringiensis]",NC_000011.10
rna-NM_032301.2,Up,1.625641651252228,0.02359859104471975,1.627113925833703,FBXW9,A Receptor for Ubiquitination Targets,NC_000019.10
rna-NM_133267.2,Up,3.200299440172319,0.02368133520181483,1.6255938148531315,GSX2,homeobox 2,NC_000004.12
rna-XM_017002567.1,Up,1.3181006931872952,0.024169960075176973,1.616724066975248,PSRC1,G-2 and S-phase expressed 1,NC_000001.11
rna-NM_016133.3,Up,1.448095434124683,0.02457450856405358,1.6095151583403342,INSIG2,Mediates feedback control of cholesterol synthesis by controlling SCAP and HMGCR. Functions by blocking the processing of sterol regulatory element-binding proteins (SREBPs). Capable of retaining the SCAP-SREBF2 complex in the ER thus preventing it from escorting SREBPs to the Golgi. Seems to regulate the ubiquitin-mediated proteasomal degradation of HMGCR,NC_000002.12
rna-XM_017005893.1,Up,2.757455251793646,0.02457450856405358,1.6095151583403342,NLGN1,Neuroligin 1,NC_000003.12
rna-XM_011532157.2,Up,2.1087084539219263,0.0246519721478584,1.6081483316130416,SHROOM3,Apx/Shroom domain ASD1,NC_000004.12
rna-XM_024450001.1,Up,1.889861426545407,0.0246519721478584,1.6081483316130416,CEMIP,ER retention sequence binding,NC_000015.10
rna-NM_001163257.1,Up,2.240881461086803,0.02595055391322699,1.5858533677234028,PLXNB3,Plexin cytoplasmic RasGAP domain,NC_000023.11
rna-XM_024449732.1,Up,1.885610312271841,0.02595055391322699,1.5858533677234028,STON2,Stonin 2,NC_000014.9
rna-NM_020828.1,Up,1.4774055867856788,0.02595055391322699,1.5858533677234028,ZFP28,krueppel associated box,NC_000019.10
rna-NM_000170.2,Up,2.7652953284861534,0.02628218091517396,1.5803385995336243,GLDC,Glycine cleavage system P-protein,NC_000009.12
rna-NM_032892.4,Up,1.607158133941122,0.026874660098080323,1.570657019856305,FRMD5,FERM adjacent (FA),NC_000015.10
rna-NM_000093.4,Up,1.346319250764278,0.027076416625541576,1.567408812022642,COL5A1,Thrombospondin N-terminal -like domains.,NC_000009.12
rna-XM_005257552.5,Up,1.0194208281302306,0.027126914739554673,1.5665995976051823,RARA,"Retinoic acid receptor, alpha",NC_000017.11
rna-XM_011541755.2,Up,1.4888145862360709,0.027231935452742464,1.5649214909929428,ASAP3,"ArfGAP with SH3 domain, ankyrin repeat and PH domain 3",NC_000001.11
rna-XM_024453411.1,Up,1.307421618703187,0.027566159379240764,1.55962373721634,NUP210,Bacterial Ig-like domain 2,NC_000003.12
rna-NM_000522.4,Up,3.1540750821553973,0.02769193871175174,1.5576466382471346,HOXA13,homeobox,NC_000007.14
rna-NM_139055.3,Up,2.7069467315398854,0.028163983412408014,1.5503059201378258,ADAMTS15,ADAM metallopeptidase with thrombospondin type 1 motif 15,NC_000011.10
rna-XM_011535386.2,Up,2.0750830257124417,0.028193405218669962,1.5498524665773115,TRAF3IP2,SEFIR domain,NC_000006.12
rna-NM_206876.1,Up,1.5398551306687844,0.028193405218669962,1.5498524665773115,PPP1CB,Serine threonine-protein phosphatase PP1-beta catalytic subunit,NC_000002.12
rna-NM_002508.2,Up,1.043361281557363,0.030101019609625957,1.5214187933319203,NID1,Nidogen 1,NC_000001.11
novel.1110.1,Up,1.8222867896914665,0.030254760015797806,1.5192062875911836,-,CAA63219.1 pva1 [Plasmodium vivax],NC_000020.11
rna-NM_021214.1,Up,1.3311518636239141,0.03034836910571479,1.5178646425597182,ABHD17C,Abhydrolase domain containing 17C,NC_000015.10
rna-NM_000266.3,Up,4.304568410167394,0.03068113246186725,1.5131286143168292,NDP,"NDP, norrin cystine knot growth factor",NC_000023.11
rna-NM_024330.2-2,Up,3.295845545391346,0.031001007393974118,1.5086241933097435,SLC27A3,AMP-binding enzyme,NW_003315905.1
rna-XM_011520309.1,Up,1.3539598050542925,0.031001007393974118,1.5086241933097435,ST5,"Domain always found upstream of DENN domain, found in a variety of signalling proteins",NC_000011.10
rna-NM_021630.5,Up,1.5926513618432283,0.031039150185151104,1.5080901777151319,PDLIM2,Domain of unknown function (DUF4749),NC_000008.11
rna-XM_024452152.1,Up,2.463836167999084,0.03189089926709005,1.4963332342462679,C1QTNF6,C1q domain,NC_000022.11
rna-NM_003383.4,Up,1.6292788973414438,0.03189089926709005,1.4963332342462679,VLDLR,Coagulation Factor Xa inhibitory site,NC_000009.12
rna-NM_001040167.1,Up,2.19988304406615,0.03189089926709005,1.4963332342462679,LFNG,Fringe-like,NC_000007.14
rna-NM_001144994.1,Up,2.074210157199811,0.03189089926709005,1.4963332342462679,C2orf72,Domain of unknown function (DUF4630),NC_000002.12
rna-NM_001031700.2,Up,3.3251402537346344,0.03208265328053617,1.4937297221383148,FAM198B,FAM198 protein,NC_000004.12
novel.1140.16,Up,5.5136006616399165,0.03208265328053617,1.4937297221383148,-,AAH66547.1 Hypothetical gene supported by BC066547 [Homo sapiens],NC_000022.11
rna-XM_011515130.2,Up,3.1621505538717347,0.032701201702060596,1.4854362876154188,ABCA13,ABC-2 family transporter protein,NC_000007.14
rna-XM_024447335.1,Up,1.002339081655451,0.033341696675761506,1.477012303782996,ARHGEF10,Rho guanine nucleotide exchange factor,NC_000008.11
rna-NM_001300965.1,Up,1.4809594989426307,0.034726598502318295,1.459337754092635,CSRP2,Cysteine and glycine-rich protein 2,NC_000012.12
rna-NM_001846.3,Up,1.183617862078404,0.035116966929469556,1.4544830013843448,COL4A2,C-terminal tandem repeated domain in type 4 procollagens,NC_000013.11
rna-NM_006312.5,Up,1.2738486643199314,0.03518189062604489,1.453680825867865,NCOR2,Nuclear receptor corepressor 2,NC_000012.12
rna-XM_011537642.3,Up,2.7827922523906086,0.0354879173161516,1.4499194873991974,ARHGEF37,Rho guanine nucleotide exchange factor,NC_000005.10
rna-NM_001845.5,Up,1.0298273196647751,0.03622366274092685,1.4410076382917407,COL4A1,C-terminal tandem repeated domain in type 4 procollagens,NC_000013.11
rna-XM_005268037.4,Up,3.6965266221844897,0.03622366274092685,1.4410076382917407,TSHR,Leucine rich repeats (6 copies),NC_000014.9
rna-XM_005268676.3,Up,2.067063773362468,0.0363635274606694,1.4393339944710446,KRT80,Belongs to the intermediate filament family,NC_000012.12
rna-NM_001304536.1,Up,1.0750985852709753,0.03650881873978146,1.4376022186277564,EPHA4,Ephrin receptor ligand binding domain,NC_000002.12
rna-NM_000637.4,Up,1.0956123773045643,0.03650881873978146,1.4376022186277564,GSR,"Pyridine nucleotide-disulphide oxidoreductase, dimerisation domain",NC_000008.11
rna-NM_020686.5,Up,1.8252996476795396,0.03650881873978146,1.4376022186277564,ABAT,Aminotransferase class-III,NC_000016.10
rna-NM_207338.3,Up,2.291118637750316,0.03684824361009526,1.4335832081746123,LCTL,Glycosyl hydrolase family 1,NC_000015.10
rna-XM_017019768.2,Up,1.4234952151606781,0.03684824361009526,1.4335832081746123,BCAT1,Belongs to the class-IV pyridoxal-phosphate-dependent aminotransferase family,NC_000012.12
rna-NM_006426.2,Up,2.115276527021192,0.036956002171267925,1.4323150160467852,DPYSL4,Amidohydrolase family,NC_000010.11
rna-XM_024448094.1,Up,1.3860409277620669,0.037070866559704964,1.4309672618879052,ALDH18A1,amino acid kinase activity,NC_000010.11
rna-NM_004525.2,Up,2.9147369318942253,0.037492035954120845,1.426060975165755,LRP2,Coagulation Factor Xa inhibitory site,NC_000002.12
rna-XM_011541318.2,Up,1.5001857998683676,0.037803392000780596,1.4224692302916186,HSPG2,heparan sulfate proteoglycan,NC_000001.11
rna-NM_018297.3,Up,1.425446608531601,0.03829634647410962,1.4168426563660583,NGLY1,domain present in PNGases and other hypothetical proteins,NC_000003.12
rna-NM_001483.2,Up,1.5977474066055395,0.03936453374144974,1.404894888251296,NIPSNAP2,NIPSNAP,NC_000007.14
rna-NM_006293.3,Up,1.4450931780850405,0.03952595817153083,1.4031175932853244,TYRO3,"Tyrosine kinase, catalytic domain",NC_000015.10
rna-NM_153361.3,Up,2.9487609158236463,0.039534966373117035,1.4030186262600783,NIM1K,Kinase-like,NC_000005.10
rna-NM_152529.6,Up,1.8181657712429597,0.03995930842507888,1.3983820367065933,GPR155,G protein-coupled receptor 155,NC_000002.12
rna-NM_001678.4,Up,2.2807270017051744,0.040233693518327514,1.3954100966607081,ATP1B2,Sodium / potassium ATPase beta chain,NC_000017.11
rna-NM_014619.4,Up,1.851388288605138,0.040233693518327514,1.3954100966607081,GRIK4,extracellularly glutamate-gated ion channel activity,NC_000011.10
rna-XM_011523733.2,Up,1.1351497623016185,0.04047425285290941,1.392821159494997,ALDH3A2,"Aldehyde dehydrogenase 3 family, member A2",NC_000017.11
rna-NM_130837.2,Up,1.442291702509986,0.040821654177250456,1.3891094007591878,OPA1,membrane tubulation,NC_000003.12
novel.40.2,Up,3.93721573230938,0.04103741908250262,1.3868199606027132,-,XP_032007544.1 semaphorin-6B-like [Hylobates moloch],NC_000001.11
rna-NM_002628.4,Up,1.4223132887002574,0.041086163143076365,1.3863044137050988,PFN2,Profilin,NC_000003.12
rna-NM_001322205.1,Up,1.488338031428034,0.041086163143076365,1.3863044137050988,NRG1,Neuregulin family,NC_000008.11
rna-NM_030762.2,Up,1.5951579497854744,0.0410943224706786,1.3862181754469802,BHLHE41,Orange domain,NC_000012.12
rna-NM_206836.2,Up,1.0689293937236921,0.04153854652849529,1.381548703893787,ECI2,Acyl CoA binding protein,NC_000006.12
rna-XM_006715549.3,Up,1.329745629776404,0.04153854652849529,1.381548703893787,RPS6KA2,"Ribosomal protein S6 kinase, 90kDa, polypeptide 2",NC_000006.12
rna-NM_020870.3,Up,1.1071095679686134,0.04173344228253582,1.3795157920758663,SH3RF1,SH3 domain containing ring finger 1,NC_000004.12
rna-XM_017016754.2,Up,2.148273787756085,0.04173344228253582,1.3795157920758663,RASSF4,Ras association (RalGDS AF-6) domain family member 4,NC_000010.11
rna-NM_183376.2,Up,2.590709490613101,0.04173344228253582,1.3795157920758663,ARRDC4,Arrestin domain containing 4,NC_000015.10
rna-XM_024446633.1,Up,2.566611728668979,0.04198254344999854,1.3769312538708594,SEMA3A,Sema domain,NC_000007.14
rna-XM_017001423.2,Up,1.0151593149045834,0.04198254344999854,1.3769312538708594,CDK18,protein serine/threonine kinase activity,NC_000001.11
rna-NM_001006605.4,Up,1.53671918164794,0.04213384164783857,1.3753689412910246,FAM69A,"N-term cysteine-rich ER, FAM69",NC_000001.11
rna-XM_017014958.2,Up,1.350974845118931,0.04292840681767172,1.3672552289939588,PTPRD,"Protein tyrosine phosphatase, receptor type D",NC_000009.12
novel.906.7,Up,3.8056208726266796,0.0429601325425939,1.3669343874009507,-,"AHY28878.1 nuclear pore complex-interacting protein, partial [Homo sapiens]",NC_000016.10
rna-NM_006775.2,Up,1.0630418957742211,0.04309065789485951,1.3656168751869628,QKI,positive regulation of oligodendrocyte differentiation,NC_000006.12
rna-XM_011528000.1,Up,1.83743832082484,0.043508554413475176,1.361425346049511,SLC27A1,AMP-binding enzyme C-terminal domain,NC_000019.10
novel.158.2,Up,4.249638617178398,0.044011314123722396,1.3564356637442432,-,"EHH20620.1 hypothetical protein EGK_03509, partial [Macaca mulatta]",NC_000002.12
rna-XM_024450554.1,Up,1.8207302500361067,0.0446849861321928,1.3498383725108143,PLCD3,Phospholipase C delta 3,NC_000017.11
rna-XM_011510089.3,Up,3.902688458729769,0.044782846913416226,1.3488883011212935,RGS8,Regulator of G protein signaling domain,NC_000001.11
rna-XM_011528300.2,Up,1.88874914491797,0.045496039971887406,1.3420264031934988,TLE6,WD40 repeats,NC_000019.10
rna-NM_001145512.1,Up,1.6796890027398987,0.045496039971887406,1.3420264031934988,NFIA,Recognizes and binds the palindromic sequence 5'- TTGGCNNNNNGCCAA-3' present in viral and cellular promoters and in the origin of replication of adenovirus type 2. These proteins are individually capable of activating transcription and replication,NC_000001.11
novel.856.3,Up,3.0069093821239585,0.045496039971887406,1.3420264031934988,-,"EAW77267.1 hCG1786715, partial [Homo sapiens]",NC_000015.10
rna-NM_002015.3,Up,1.955078542000564,0.045496039971887406,1.3420264031934988,FOXO1,"KIX-binding domain of forkhead box O, CR2",NC_000013.11
rna-NM_016274.5,Up,1.174258470984835,0.045496039971887406,1.3420264031934988,PLEKHO1,"Pleckstrin homology domain containing, family O member 1",NC_000001.11
rna-NM_001130964.1,Up,1.2246502767762608,0.045496039971887406,1.3420264031934988,PLCD1,EF hand,NC_000003.12
rna-XM_017008170.2,Up,1.0873465012852597,0.04552462275116751,1.3417536443856528,RBPJ,Recombination signal binding protein for immunoglobulin kappa J region,NC_000004.12
rna-NM_152271.4-2,Up,1.6513893455158437,0.04604714319944464,1.3367973085985778,LONRF1,ATP-dependent protease La (LON) substrate-binding domain,NW_018654717.1
rna-NM_001346252.1,Up,1.0950482439607052,0.04604714319944464,1.3367973085985778,USP28,Belongs to the peptidase C19 family,NC_000011.10
rna-NM_203349.3,Up,3.121330693877664,0.04609705110495747,1.3363268561679997,SHC4,Phosphotyrosine interaction domain (PTB/PID),NC_000015.10
rna-NM_001018109.2,Up,1.3053021195641006,0.046293872742400766,1.3344764865254224,PIR,Pirin,NC_000023.11
rna-NM_004696.2,Up,2.39214626969113,0.04644550159966339,1.3330563424894635,SLC16A4,Major Facilitator Superfamily,NC_000001.11
novel.990.3,Up,1.7799619620795808,0.046920526734669385,1.328637121094524,-,EAW89105.1 hCG1820360 [Homo sapiens],NC_000017.11
rna-XM_017025671.2,Up,1.1866415682867621,0.046920526734669385,1.328637121094524,MTCL1,Microtubule crosslinking factor 1,NC_000018.10
rna-NM_001128592.1,Up,1.1997535993082487,0.04729876516643164,1.3251501972834383,PSMG4,"Proteasome (prosome, macropain) assembly chaperone 4",NC_000006.12
rna-XM_024454092.1,Up,1.7662397477607277,0.047680878145299394,1.3216557547328807,FGFRL1,Immunoglobulin C-2 Type,NC_000004.12
rna-NM_152574.2,Up,1.0081577190004491,0.04787346128344968,1.3199051715997432,TTC39B,Protein of unknown function (DUF3808),NC_000009.12
rna-NM_004273.4,Up,1.4567923513011443,0.04810499127916013,1.3178098597480885,CHST3,Carbohydrate (Chondroitin 6) sulfotransferase 3,NC_000010.11
rna-NM_183422.3,Up,1.5618340872204646,0.04810499127916013,1.3178098597480885,TSC22D1,nucleic acid-templated transcription,NC_000013.11
rna-NM_001037582.2,Up,1.4381844473591263,0.04811142051605171,1.3177518201255976,SCD5,Fatty acid desaturase,NC_000004.12
rna-NM_004052.3,Up,1.501577789059777,0.04817713943552279,1.3171589902291043,BNIP3,BNIP3,NC_000010.11
rna-NM_001975.2,Up,1.311363842570317,0.04817713943552279,1.3171589902291043,ENO2,"Enolase, N-terminal domain",NC_000012.12
rna-NM_001081.3,Up,3.146351787515904,0.04817713943552279,1.3171589902291043,CUBN,EGF domain,NC_000010.11
rna-NM_001291722.1,Up,1.9161995164747707,0.04817713943552279,1.3171589902291043,CYFIP2,Cytoplasmic Fragile-X interacting family,NC_000005.10
rna-XM_011517904.3,Up,1.652354852957239,0.04817713943552279,1.3171589902291043,TMEM8B,Transmembrane protein 8B,NC_000009.12
rna-NM_152680.2,Up,2.1029787765140084,0.048255624003209915,1.3164520640564705,TMEM154,TMEM154 protein family,NC_000004.12
novel.656.1,Up,3.2228920181718066,0.048940880580505254,1.3103282207665388,-,unannotated,NC_000010.11
rna-NM_016518.2,Up,3.388354035505919,0.048940880580505254,1.3103282207665388,PIPOX,Pipecolic acid oxidase,NC_000017.11
rna-NM_003619.3,Up,1.078468638982248,0.04918105501218771,1.308202159187033,PRSS12,scavenger receptor activity,NC_000004.12
rna-XM_006710593.3,Up,1.3644734981826399,0.04956060799287605,1.3048633744846045,IGSF3,Immunoglobulin V-set domain,NC_000001.11
rna-NM_005773.2,Up,1.2911248246792542,0.04956060799287605,1.3048633744846045,ZNF256,krueppel associated box,NC_000019.10
rna-NM_021073.3,Up,2.9077675027455188,0.04967075522408716,1.3038992366796274,BMP5,Bone morphogenetic protein 5,NC_000006.12
rna-NM_001012329.1,Up,1.1281429131889873,0.04967075522408716,1.3038992366796274,CTNNBIP1,"Catenin, beta interacting protein 1",NC_000001.11
rna-NM_152271.4,Up,1.6463300269812942,0.04967075522408716,1.3038992366796274,LONRF1,ATP-dependent protease La (LON) substrate-binding domain,NC_000008.11
rna-NM_005505.4,Up,1.4391832707467591,0.04967075522408716,1.3038992366796274,SCARB1,"Scavenger receptor class B, member 1",NC_000012.12
rna-XM_024452413.1,Up,1.2512823477111972,0.04967075522408716,1.3038992366796274,RBM3,-,NC_000023.11
rna-NM_001085.4,Down,-2.0818276733950816,8.20344108448703e-06,5.086003936576697,SERPINA3,"Although its physiological function is unclear, it can inhibit neutrophil cathepsin G and mast cell chymase, both of which can convert angiotensin-1 to the active angiotensin-2",NC_000014.9
rna-NM_173484.3,Down,-4.016748885030104,0.0003322863479780283,3.478487501392382,KLF17,C2H2-type zinc finger,NC_000001.11
rna-NM_001628.3,Down,-2.893033721285777,0.00041826831874271854,3.378545029314382,AKR1B1,Aldo/keto reductase family,NC_000007.14
rna-NM_006732.2,Down,-1.877147032344084,0.0004462614503405874,3.350410627449083,FOSB,"FosB proto-oncogene, AP-1 transcription factor subunit",NC_000019.10
rna-NM_001964.2,Down,-1.6197649297772267,0.0004462614503405874,3.350410627449083,EGR1,Domain of unknown function (DUF3446),NC_000005.10
novel.906.6,Down,-9.882373388943373,0.0005146466658686651,3.2884908364498497,-,AAH46145.1 LOC339047 protein [Homo sapiens],NC_000016.10
novel.1148.5,Down,-3.585347390164952,0.0008089574301448557,3.092074331712351,-,"EAW59691.1 hCG1777113, isoform CRA_a [Homo sapiens]",NC_000022.11
rna-NM_003407.3,Down,-1.7094513693460558,0.0009222700632866637,3.035141888250891,ZFP36,zinc finger,NC_000019.10
rna-NM_003378.3,Down,-1.8577424067548227,0.0009329928212633694,3.0301216978373158,VGF,VGF nerve growth factor inducible,NC_000007.14
rna-NM_201649.3,Down,-1.6679018873513778,0.0009461025585959041,3.0240617830294356,SLC6A9,Sodium:neurotransmitter symporter family,NC_000001.11
rna-NM_001099744.1,Down,-2.7819614118809013,0.0012406368221031863,2.9063553331187326,SYBU,Golgi-localised syntaxin-1-binding clamp,NC_000008.11
rna-NM_001680.4,Down,-2.3810498287654958,0.0015359600314669235,2.8136200853065954,FXYD2,ATP1G1/PLM/MAT8 family,NC_000011.10
novel.10.6,Down,-9.689410686674979,0.0017522089266091413,2.7564141114877025,-,unannotated,NC_000001.11
rna-NM_138786.3,Down,-2.0526218531484846,0.0017749228086524921,2.750820529654091,TM4SF18,L6 membrane protein,NC_000003.12
novel.1286.1,Down,-1.8922098303755397,0.0018612849941340543,2.73018712396565,-,XP_018884000.1 uncharacterized protein LOC101135405 isoform X1 [Gorilla gorilla gorilla],NT_187614.1
novel.618.1,Down,-3.155500162712265,0.0024504706302467317,2.6107504982924317,-,XP_011948873.1 PREDICTED: LOW QUALITY PROTEIN: uncharacterized protein C9orf109-like [Cercocebus atys],NC_000009.12
novel.1081.1,Down,-2.489644579483387,0.0026376137742454087,2.5787887978700774,-,"EAW57716.1 hCG2038825, isoform CRA_b [Homo sapiens]",NC_000020.11
rna-XM_005256521.2,Down,-1.3920663600831085,0.0030265580997796723,2.519050984671792,ENO3,Methylaspartate ammonia-lyase C-terminus,NC_000017.11
novel.823.1,Down,-1.8324364746809334,0.003414903460780362,2.466621569301043,-,BAE91091.1 unnamed protein product [Macaca fascicularis],NC_000014.9
rna-NM_001024465.2,Down,-1.6093958283655045,0.003428751789603719,2.464863952711565,SOD2,superoxide dismutase activity,NC_000006.12
rna-NM_001164759.1,Down,-1.1249238466950415,0.003716280587317871,2.4298915032565787,PRKAR1B,"Protein kinase, cAMP-dependent, regulatory, type I, beta",NC_000007.14
novel.38.2,Down,-5.467625065136853,0.0038545303293913966,2.4140285327311095,-,NP_001382255.1 myomegalin isoform 45 [Homo sapiens],NC_000001.11
rna-NM_031279.3,Down,-5.166644141889032,0.004373044276895661,2.359216125418895,ETNPPL,Aminotransferase class-III,NC_000004.12
novel.645.2,Down,-6.185562885561878,0.004492426956866543,2.347518975429381,-,"EAW57715.1 hCG2038825, isoform CRA_a [Homo sapiens]",NC_000010.11
rna-NM_002395.5,Down,-3.062142400451483,0.0047667365208078905,2.3217788528394014,ME1,"Malic enzyme, NAD binding domain",NC_000006.12
rna-NM_001303419.1,Down,-3.2090079796350235,0.0047885585607946295,2.3197951970871564,TRIML2,PRY,NC_000004.12
rna-XM_024450574.1,Down,-2.8414330037137905,0.005108146026152339,2.291736696090357,SPNS2,Organic Anion Transporter Polypeptide (OATP) family,NC_000017.11
rna-XM_006714085.3,Down,-2.4096221210732165,0.005594452810376782,2.2522423851061966,SLC9B2,antiporter that extrudes Na( ) or Li( ) in exchange for external protons across the membrane. Contributes to the regulation of intracellular pH,NC_000004.12
rna-NM_001003702.2-2,Down,-2.5608613270587535,0.005808408261367161,2.23594286554702,ARHGEF35,rho guanine nucleotide exchange factor,NW_018654715.1
novel.874.3,Down,-9.288779567858546,0.006228424376268802,2.205621804261781,-,"EAW85553.1 polycystic kidney disease 1 (autosomal dominant), isoform CRA_a [Homo sapiens]",NC_000016.10
novel.10.5,Down,-4.643918355231399,0.0068783739887279365,2.162514214552796,-,unannotated,NC_000001.11
rna-NM_005620.1,Down,-1.0404213310829042,0.007738352188564762,2.1113515085163512,S100A11,Belongs to the S-100 family,NC_000001.11
rna-NM_003990.4,Down,-2.7808647476154724,0.007833433251558478,2.1060478528321305,PAX2,Paired box protein Pax-2 isoform X1,NC_000010.11
novel.645.6,Down,-5.730059970676988,0.007833433251558478,2.1060478528321305,-,XP_023068224.1 uncharacterized protein LOC111542852 [Piliocolobus tephrosceles],NC_000010.11
novel.408.1,Down,-3.543348749862039,0.007833433251558478,2.1060478528321305,-,XP_026507850.1 cullin-2-like [Terrapene carolina triunguis],NC_000006.12
rna-NM_003713.4,Down,-2.041280522694288,0.007833433251558478,2.1060478528321305,PLPP3,Phosphatidic acid phosphatase type 2B,NC_000001.11
rna-NM_001677.3,Down,-2.00783708674263,0.007948548048516246,2.0997121961368648,ATP1B1,"This is the non-catalytic component of the active enzyme, which catalyzes the hydrolysis of ATP coupled with the exchange of Na( ) and K( ) ions across the plasma membrane. The beta subunit regulates, through assembly of alpha beta heterodimers, the number of sodium pumps transported to the plasma membrane",NC_000001.11
rna-NM_001284338.1,Down,-2.3604012369164726,0.008501367916697247,2.0705111883003546,NEDD4,Domain Homologous to E6-AP Carboxyl Terminus with,NC_000015.10
rna-NM_001130413.3,Down,-1.7133385867377926,0.00879861909762889,2.055585483001974,SCNN1D,ligand-gated sodium channel activity,NC_000001.11
rna-NM_001204088.1,Down,-2.087204004583311,0.008934953718375285,2.0489076927281507,MINOS1-NBL1,Neuroblastoma suppressor of tumorigenicity 1,NC_000001.11
rna-NM_004062.3,Down,-3.1946711785145716,0.01038425761212338,1.9836245464551183,CDH16,Cadherin 16,NC_000016.10
rna-NM_002342.2,Down,-1.1879306424642804,0.01038425761212338,1.9836245464551183,LTBR,Tumor necrosis factor receptor / nerve growth factor receptor repeats.,NC_000012.12
rna-XM_011542403.2,Down,-1.1297434309470882,0.010435529386744566,1.9814855145994583,STPG1,Sperm-tail PG-rich repeat,NC_000001.11
rna-XM_005263634.2,Down,-2.225335286456349,0.010435529386744566,1.9814855145994583,PSD4,Sec7 domain,NC_000002.12
rna-XM_005249914.2,Down,-1.9868648517526435,0.010435529386744566,1.9814855145994583,RAPGEF5,Rap guanine nucleotide exchange factor,NC_000007.14
rna-NM_005557.3,Down,-2.304388166269181,0.010435529386744566,1.9814855145994583,KRT16,Intermediate filament protein,NC_000017.11
rna-NM_152374.1,Down,-1.0566279310106137,0.01105209257637645,1.9565554859306022,C1orf216,Domain of unknown function (DUF4653),NC_000001.11
rna-XM_017014267.1,Down,-2.127735178454527,0.011353691010913306,1.9448629292123598,SLC31A2,Ctr copper transporter family,NC_000009.12
rna-XM_011530485.2,Down,-1.5280465687147693,0.011528215015274885,1.9382379319965848,HPS4,"HPS4, biogenesis of lysosomal organelles complex 3 subunit 2",NC_000022.11
rna-NM_001143676.1,Down,-2.5613244853107635,0.011652823196093587,1.933568842882955,SGK1,Extension to Ser/Thr-type protein kinases,NC_000006.12
rna-NM_006113.4,Down,-3.012130477362955,0.011974292056408068,1.9217501534945263,VAV3,CDC24 Calponin,NC_000001.11
rna-NM_002094.3,Down,-1.2042760108533557,0.011987937835690889,1.9212555177856536,GSPT1,Elongation factor Tu C-terminal domain,NC_000016.10
rna-NM_013233.2,Down,-1.7620178016174353,0.012377999913224757,1.9073495246878007,STK39,Serine threonine kinase 39,NC_000002.12
novel.1031.1,Down,-1.4482048444891158,0.012503160437750203,1.9029801960168355,-,AAK21305.1 FKSG52 [Homo sapiens],NC_000019.10
rna-XM_011523405.3,Down,-1.0835065813157265,0.014051903883611851,1.852264829486314,CDK10,Protein tyrosine kinase,NC_000016.10
rna-NM_002638.3,Down,-2.717731610508754,0.014269802391617199,1.8455820409585448,PI3,Trappin protein transglutaminase binding domain,NC_000020.11
rna-NM_032160.2,Down,-2.432224279739813,0.014556930127499465,1.8369302025818954,DSEL,Sulfotransferase family,NC_000018.10
novel.1158.2,Down,-1.8151287096013855,0.014556930127499465,1.8369302025818954,-,"AIC61760.1 PI4KAP2, partial [synthetic construct]",NC_000022.11
rna-XM_017001691.1,Down,-1.4483705751260474,0.014556930127499465,1.8369302025818954,PNRC2,nuclear receptor coactivator 2,NC_000001.11
rna-NM_032160.2-2,Down,-2.4387004840956865,0.01496415509097995,1.8249477993506205,DSEL,Sulfotransferase family,NW_003315960.1
novel.1140.12,Down,-5.201013975967424,0.01496415509097995,1.8249477993506205,-,XP_005338258.2 mitochondrial import receptor subunit TOM40 homolog [Ictidomys tridecemlineatus],NC_000022.11
rna-XM_005263953.2,Down,-2.0271976685088613,0.016253924627480803,1.7890417584840783,NPAS2,PAS domain,NC_000002.12
rna-NM_019086.5,Down,-1.9347058652120452,0.016956932857025618,1.7706526994690839,VSIG10,Immunoglobulin V-set domain,NC_000012.12
rna-NM_005204.3,Down,-2.306846168578563,0.016977488238661256,1.770126561723316,MAP3K8,Protein tyrosine kinase,NC_000010.11
novel.267.1,Down,-10.976875279888544,0.016977488238661256,1.770126561723316,-,AAI05974.1 MTRF1L protein [Homo sapiens],NC_000004.12
novel.1316.1,Down,-2.6819997308208503,0.01828872443277749,1.7378165838141393,-,BAD18708.2 FLJ00261 protein [Homo sapiens],NW_018654715.1
rna-XM_017020147.1,Down,-1.1947549174566803,0.02013521406376858,1.6960437489113156,SOCS2,suppressors of cytokine signalling,NC_000012.12
novel.1017.1,Down,-3.207976896746483,0.02192512761289567,1.6590578701892824,-,"EAW66599.1 myelin basic protein, isoform CRA_h [Homo sapiens]",NC_000018.10
novel.499.1,Down,-1.3171145629383645,0.02192512761289567,1.6590578701892824,-,EAW83780.1 hCG1816482 [Homo sapiens],NC_000007.14
rna-NM_003064.3,Down,-1.587229440345295,0.02192512761289567,1.6590578701892824,SLPI,Secretory leukocyte peptidase inhibitor,NC_000020.11
novel.479.3,Down,-8.090196813551755,0.02197664802283476,1.658038547408392,-,XP_032611940.1 cohesin subunit SA-3 isoform X3 [Hylobates moloch],NC_000007.14
rna-XM_011544974.1,Down,-1.0152388271711867,0.024169960075176973,1.616724066975248,SLC29A2,Nucleoside transporter,NC_000011.10
rna-NM_001001795.1,Down,-1.4824800568612402,0.024169960075176973,1.616724066975248,C8orf82,Domain of unknown function (DUF4505),NC_000008.11
novel.414.1,Down,-1.858398980516759,0.02457450856405358,1.6095151583403342,-,"EAW87323.1 hCG1786132, partial [Homo sapiens]",NC_000007.14
rna-NM_004165.2,Down,-3.0368621992263236,0.02585340842235425,1.5874821929398613,RRAD,"RRAD, Ras related glycolysis inhibitor and calcium channel regulator",NC_000016.10
rna-NM_004925.4,Down,-1.2293785973700326,0.02595055391322699,1.5858533677234028,AQP3,Major intrinsic protein,NC_000009.12
rna-NM_001031738.2,Down,-1.15735167412455,0.02595055391322699,1.5858533677234028,TMEM150A,Frag1/DRAM/Sfk1 family,NC_000002.12
rna-NM_004174.3,Down,-1.0923890822261526,0.026874660098080323,1.570657019856305,SLC9A3,"Solute carrier family 9, subfamily A (NHE3, cation proton antiporter 3), member 3",NC_000005.10
rna-XM_005248241.4,Down,-1.4925315253399292,0.029287153629713594,1.5333228346337722,NADK2,Mitochondrial NAD( ) kinase that phosphorylates NAD( ) to yield NADP( ). Can use both ATP or inorganic polyphosphate as the phosphoryl donor,NC_000005.10
rna-NM_138434.2,Down,-2.3805345687485127,0.030101019609625957,1.5214187933319203,ZBED6CL,ZBED6 C-terminal like,NC_000007.14
novel.645.3,Down,-2.8666234098592103,0.03156774768376997,1.5007564033280827,-,MRB12651.1 hypothetical protein [Bacillus thuringiensis],NC_000010.11
rna-XM_011535048.2,Down,-1.4102549572889456,0.03189089926709005,1.4963332342462679,GJA3,Connexin,NC_000013.11
rna-XM_005260856.5,Down,-1.2819309338602145,0.03208265328053617,1.4937297221383148,SLC4A11,"Solute carrier family 4, sodium borate transporter, member 11",NC_000020.11
rna-NM_021102.3,Down,-2.508845715372841,0.03370552686140692,1.472298879882157,SPINT2,BPTI/Kunitz family of serine protease inhibitors.,NC_000019.10
rna-NM_001013615.2,Down,-1.7245848755993316,0.03483402168308837,1.457996382161207,LURAP1,Leucine rich adaptor protein,NC_000001.11
rna-NM_000361.2,Down,-2.147449213610167,0.03483402168308837,1.457996382161207,THBD,Thrombomodulin,NC_000020.11
rna-NM_001351773.1,Down,-1.366740047865362,0.03622366274092685,1.4410076382917407,ZNF320,krueppel associated box,NC_000019.10
rna-XM_024452498.1,Down,-1.2420366605848596,0.03622366274092685,1.4410076382917407,LOC102724250,Repeat of unknown function (DUF1220),NT_187366.1
novel.276.2,Down,-4.943973887338745,0.03622909221127071,1.4409425479023976,-,"EAX06023.1 hCG2042594, partial [Homo sapiens]",NC_000004.12
rna-NM_020437.4,Down,-1.8264584199944296,0.03622909221127071,1.4409425479023976,ASPHD2,Aspartyl/Asparaginyl beta-hydroxylase,NC_000022.11
rna-NM_001278458.1,Down,-2.178728424707991,0.03623202071402644,1.440907444036713,COBLL1,Cordon-bleu ubiquitin-like domain,NC_000002.12
rna-NM_001082534.1,Down,-2.463692490655717,0.037492035954120845,1.426060975165755,CA10,Eukaryotic-type carbonic anhydrase,NC_000017.11
rna-XM_017003960.1,Down,-1.692909000675265,0.037492035954120845,1.426060975165755,CYP27C1,"Cytochrome P450, family 27, subfamily C, polypeptide 1",NC_000002.12
rna-XM_011527794.1,Down,-2.3817952427789226,0.037492035954120845,1.426060975165755,ADGRE1,"Egf-like module containing, mucin-like, hormone receptor-like 1",NC_000019.10
rna-NM_001002235.2,Down,-2.4401348176562596,0.037803392000780596,1.4224692302916186,SERPINA1,acute-phase response,NC_000014.9
rna-NM_001204897.1,Down,-2.0825596769187027,0.03803773952236977,1.4197852998873823,TM4SF19,Transmembrane 4 L6 family member 19 isoform X1,NC_000003.12
rna-NM_022483.4,Down,-1.177481545443857,0.03803773952236977,1.4197852998873823,TMEM267,Chromosome 5 open reading frame 28,NC_000005.10
rna-XM_024452752.1,Down,-2.0393029650671157,0.03830635014514421,1.4167292259165953,CHI3L2,Glyco_18,NC_000001.11
rna-NM_205860.2,Down,-2.1260152188776034,0.038790418773955386,1.411275531814322,NR5A2,"Zinc finger, C4 type (two domains)",NC_000001.11
rna-XM_011534141.3,Down,-1.5231343690160695,0.03995930842507888,1.3983820367065933,GRIP2,Glutamate receptor interacting protein 2,NC_000003.12
rna-NM_006103.3,Down,-2.364250489977315,0.03995930842507888,1.3983820367065933,WFDC2,WAP-type (Whey Acidic Protein) 'four-disulfide core',NC_000020.11
rna-NM_018420.2,Down,-1.5448116005413808,0.04049102003458589,1.3926412825101229,SLC22A15,Sugar (and other) transporter,NC_000001.11
rna-XM_011510820.3,Down,-2.7053629213756247,0.041086163143076365,1.3863044137050988,PLA2R1,oxidative stress-induced premature senescence,NC_000002.12
rna-NM_001965.3,Down,-2.615511517775534,0.04153854652849529,1.381548703893787,EGR4,"Zinc finger, C2H2 type",NC_000002.12
rna-NM_005562.2,Down,-1.768269129142799,0.04173344228253582,1.3795157920758663,LAMC2,Laminin B domain,NC_000001.11
rna-NM_000206.2,Down,-2.4395128544635787,0.04198254344999854,1.3769312538708594,IL2RG,"Interleukin-6 receptor alpha chain, binding",NC_000023.11
rna-NM_025195.3,Down,-1.3562406294172833,0.04198254344999854,1.3769312538708594,TRIB1,Kinase-like,NC_000008.11
rna-NM_018431.4,Down,-2.3402606531790138,0.04233067148585332,1.373344842315317,DOK5,Docking protein 5,NC_000020.11
rna-NM_020533.2,Down,-1.2441165432648762,0.0429601325425939,1.3669343874009507,MCOLN1,Polycystin cation channel,NC_000019.10
rna-NM_213605.2,Down,-1.0595853158522166,0.04309065789485951,1.3656168751869628,ZNF517,Zinc finger protein 517,NC_000008.11
rna-NM_001003702.2,Down,-2.5088509483071046,0.0436047483287888,1.3604662157610643,ARHGEF35,rho guanine nucleotide exchange factor,NC_000007.14
rna-XM_011511468.2,Down,-1.1449753579819704,0.043802690197836856,1.3584992159297462,MREG,Melanoregulin,NC_000002.12
rna-NM_001170423.1,Down,-2.3324957939465363,0.04490936274214261,1.3476631074742387,PRSS35,"Protease, serine, 35",NC_000006.12
rna-NM_033280.3,Down,-1.156849635590469,0.045154952441249216,1.3452946107999775,SEC11C,signal peptidase complex catalytic subunit,NC_000018.10
novel.1308.1,Down,-2.3562030777996235,0.045496039971887406,1.3420264031934988,-,XP_024205243.1 putative RRN3-like protein RRN3P1 isoform X4 [Pan troglodytes],NW_017852933.1
rna-XM_017004693.2,Down,-2.0779422494090043,0.04552462275116751,1.3417536443856528,RAB17,"RAB17, member RAS oncogene family",NC_000002.12
rna-XM_005263537.1,Down,-1.1959942396464567,0.045824444053259285,1.3389027952378971,FBXO44,F-box associated region,NC_000001.11
rna-NM_001145033.1,Down,-2.404482651740552,0.04604714319944464,1.3367973085985778,C11orf96,Domain of unknown function (DUF4695),NC_000011.10
rna-NM_001102445.2,Down,-3.4821612324864857,0.04699578349248108,1.3279411056407655,RGS4,GTPase activator activity,NC_000001.11
rna-XM_011538989.2,Down,-1.9525552926125416,0.04811142051605171,1.3177518201255976,SLC16A7,Major Facilitator Superfamily,NC_000012.12
rna-NM_001286504.1,Down,-1.7766769631498394,0.048255624003209915,1.3164520640564705,HSPH1,MreB/Mbl protein,NC_000013.11
rna-XM_024449098.1,Down,-1.045681449247322,0.04843472002140381,1.3148432063743711,PITPNM2,Phosphatidylinositol transfer protein,NC_000012.12
rna-NM_000201.2,Down,-2.39933475830766,0.04853146233923468,1.313976622422772,ICAM1,T cell extravasation,NC_000019.10
rna-XM_011512708.2,Down,-2.4035548143924452,0.048561922172348976,1.3137041313989655,IGSF10,Leucine rich repeat N-terminal domain,NC_000003.12
rna-NM_002178.2,Down,-1.3991073368213982,0.048940880580505254,1.3103282207665388,IGFBP6,Insulin growth factor-binding protein homologues,NC_000012.12
rna-NM_003388.4,Down,-1.7385957374909486,0.048940880580505254,1.3103282207665388,CLIP2,CAP_GLY,NC_000007.14
rna-XM_011527948.2,Down,-1.2331230296170828,0.04967075522408716,1.3038992366796274,ADGRE2,G-protein-coupled receptor proteolytic site domain,NC_000019.10
